{
  "settings": {
    "alpha": 0.95,
    "K": 15,
    "w_min": 0.02,
    "w_max": 0.3,
    "sector_cap": 0.4,
    "crypto_cap": 0.2,
    "bond_floor": 0.1,
    "M_LIST": [
      20,
      40,
      60,
      80,
      100,
      150,
      200
    ],
    "EPS_GRID": [
      0.01,
      0.011842105263157895,
      0.013684210526315788,
      0.015526315789473683,
      0.017368421052631578,
      0.019210526315789473,
      0.021052631578947364,
      0.02289473684210526,
      0.024736842105263154,
      0.02657894736842105,
      0.028421052631578944,
      0.03026315789473684,
      0.032105263157894734,
      0.03394736842105263,
      0.035789473684210524,
      0.03763157894736842,
      0.039473684210526314,
      0.04131578947368421,
      0.0431578947368421,
      0.045
    ],
    "time_limit_per_epsilon": 300,
    "mip_gap_target": 0.0001,
    "sampling": "stratified by asset class"
  },
  "summary": [
    {
      "M": 20,
      "epsilon_points": 20,
      "feasible_points": 17,
      "optimal_points": 17,
      "total_runtime_sec": 1.8930001258850098,
      "median_runtime_sec": 0.07500004768371582,
      "max_runtime_sec": 0.2089998722076416,
      "total_nodes": 20.0,
      "median_nodes": 1.0,
      "max_mip_gap": 1.1338724227416433e-05,
      "median_mip_gap": 0.0,
      "best_return": 0.2772463545029895,
      "lowest_cvar": 0.015487226231399028
    },
    {
      "M": 40,
      "epsilon_points": 20,
      "feasible_points": 20,
      "optimal_points": 20,
      "total_runtime_sec": 3.477999687194824,
      "median_runtime_sec": 0.1294999122619629,
      "max_runtime_sec": 0.7079999446868896,
      "total_nodes": 71.0,
      "median_nodes": 1.0,
      "max_mip_gap": 9.567215396894078e-05,
      "median_mip_gap": 0.0,
      "best_return": 0.29211235880647834,
      "lowest_cvar": 0.009975979103467434
    },
    {
      "M": 60,
      "epsilon_points": 20,
      "feasible_points": 20,
      "optimal_points": 20,
      "total_runtime_sec": 4.644999742507935,
      "median_runtime_sec": 0.14599990844726562,
      "max_runtime_sec": 0.5910000801086426,
      "total_nodes": 24.0,
      "median_nodes": 1.0,
      "max_mip_gap": 6.98290695863597e-05,
      "median_mip_gap": 0.0,
      "best_return": 0.32144648150987626,
      "lowest_cvar": 0.009975422901503514
    },
    {
      "M": 80,
      "epsilon_points": 20,
      "feasible_points": 20,
      "optimal_points": 20,
      "total_runtime_sec": 5.9040000438690186,
      "median_runtime_sec": 0.23399996757507324,
      "max_runtime_sec": 0.49200010299682617,
      "total_nodes": 20.0,
      "median_nodes": 1.0,
      "max_mip_gap": 8.741076524131249e-05,
      "median_mip_gap": 1.993761130573486e-06,
      "best_return": 0.35360054453234835,
      "lowest_cvar": 0.009939113605149147
    },
    {
      "M": 100,
      "epsilon_points": 20,
      "feasible_points": 20,
      "optimal_points": 20,
      "total_runtime_sec": 7.652000188827515,
      "median_runtime_sec": 0.3080000877380371,
      "max_runtime_sec": 0.625,
      "total_nodes": 20.0,
      "median_nodes": 1.0,
      "max_mip_gap": 9.232460411304146e-05,
      "median_mip_gap": 0.0,
      "best_return": 0.3695473680337461,
      "lowest_cvar": 0.009972552708297312
    }
  ]
}